﻿<?xml version="1.0" encoding="utf-8" ?>
<!-- This file contains job definitions in schema version 2.0 format -->

<job-scheduling-data xmlns="http://quartznet.sourceforge.net/JobSchedulingData" xmlns:xsi="http://www.w3.org/2001/XMLSchema-instance" version="2.0">
  <processing-directives>
    <overwrite-existing-data>true</overwrite-existing-data>
  </processing-directives>
  <schedule>

    <job>
      <name>TestJob</name>
      <group>TestGroup</group>
      <description>Test</description>
      <job-type>P2.QuartzServer.QuartzJobs.TestJob, P2.QuartzServer</job-type>
      <durable>true</durable>
      <recover>false</recover>
    </job>
    <trigger>
      <cron>
        <name>TestTrigger</name>
        <group>TestGroup</group>
        <job-name>TestJob</job-name>
        <job-group>TestGroup</job-group>
        <start-time>2018-11-11T00:00:00+08:00</start-time>
        <cron-expression>0 0/10 * * * ?</cron-expression>
      </cron>
    </trigger>
    
  </schedule>
</job-scheduling-data>